path,name,ctime,modified_time,accessed_time,megabytes,extension,type,raw_location,lat,lon,alt_capture_time
D:\Temp storage\Temp videos for projects\2022-03-18 FRA JFK 747-400\time_zone_1\20220318_092610.mp4,20220318_092610.mp4,2022-03-18 17:19:57,2022-03-18 04:26:16,2022-05-28 09:53:14,47.836516,mp4,clip,+50.0498+008.5759/,50.0498,8.5759,x
D:\Temp storage\Temp videos for projects\2022-03-18 FRA JFK 747-400\time_zone_1\20220318_093012.mp4,20220318_093012.mp4,2022-03-18 17:19:58,2022-03-18 04:30:17,2022-05-28 09:53:14,42.645061,mp4,clip,+50.0502+008.5733/,50.0502,8.5733,x
D:\Temp storage\Temp videos for projects\2022-03-18 FRA JFK 747-400\time_zone_1\20220318_093113.mp4,20220318_093113.mp4,2022-03-18 17:19:58,2022-03-18 04:31:18,2022-05-28 09:53:14,46.818444,mp4,clip,+50.0500+008.5733/,50.05,8.5733,x
D:\Temp storage\Temp videos for projects\2022-03-18 FRA JFK 747-400\time_zone_1\20220318_095927.mp4,20220318_095927.mp4,2022-03-18 17:20:02,2022-03-18 04:59:33,2022-05-28 09:53:14,45.615646,mp4,clip,+50.0492+008.5742/,50.0492,8.5742,x
D:\Temp storage\Temp videos for projects\2022-03-18 FRA JFK 747-400\time_zone_1\20220318_100318.mp4,20220318_100318.mp4,2022-03-18 17:20:05,2022-03-18 05:03:22,2022-05-28 09:53:14,33.597754,mp4,clip,+50.0492+008.5715/,50.0492,8.5715,x
D:\Temp storage\Temp videos for projects\2022-03-18 FRA JFK 747-400\time_zone_1\20220318_100439.mp4,20220318_100439.mp4,2022-03-18 17:20:09,2022-03-18 05:04:42,2022-05-28 09:53:14,22.869563,mp4,clip,+00.0000+000.0000/,0.0,0.0,x
D:\Temp storage\Temp videos for projects\2022-03-18 FRA JFK 747-400\time_zone_1\20220318_100448.mp4,20220318_100448.mp4,2022-03-18 17:20:10,2022-03-18 05:04:51,2022-05-28 09:53:14,19.613818,mp4,clip,+00.0000+000.0000/,0.0,0.0,x
D:\Temp storage\Temp videos for projects\2022-03-18 FRA JFK 747-400\time_zone_1\20220318_100457.mp4,20220318_100457.mp4,2022-03-18 17:20:10,2022-03-18 05:05:00,2022-05-28 09:53:14,20.977937,mp4,clip,+00.0000+000.0000/,0.0,0.0,x
D:\Temp storage\Temp videos for projects\2022-03-18 FRA JFK 747-400\time_zone_1\20220318_100523.mp4,20220318_100523.mp4,2022-03-18 17:20:10,2022-03-18 05:05:40,2022-05-28 09:53:14,158.943769,mp4,clip,+00.0000+000.0000/,0.0,0.0,x
D:\Temp storage\Temp videos for projects\2022-03-18 FRA JFK 747-400\time_zone_1\20220318_100548.mp4,20220318_100548.mp4,2022-03-18 17:20:13,2022-03-18 05:05:56,2022-05-28 09:53:14,71.346049,mp4,clip,+50.0459+008.5653/,50.0459,8.5653,x
D:\Temp storage\Temp videos for projects\2022-03-18 FRA JFK 747-400\time_zone_1\20220318_100604.mp4,20220318_100604.mp4,2022-03-18 17:20:13,2022-03-18 05:06:11,2022-05-28 09:53:14,60.03147,mp4,clip,+50.0459+008.5653/,50.0459,8.5653,x
D:\Temp storage\Temp videos for projects\2022-03-18 FRA JFK 747-400\time_zone_1\20220318_100622.mp4,20220318_100622.mp4,2022-03-18 17:20:14,2022-03-18 05:06:30,2022-05-28 09:53:14,69.744164,mp4,clip,+50.0459+008.5653/,50.0459,8.5653,x
D:\Temp storage\Temp videos for projects\2022-03-18 FRA JFK 747-400\time_zone_1\20220318_100638.mp4,20220318_100638.mp4,2022-03-18 17:20:16,2022-03-18 05:06:44,2022-05-28 09:53:14,59.200988,mp4,clip,+50.0459+008.5653/,50.0459,8.5653,x
D:\Temp storage\Temp videos for projects\2022-03-18 FRA JFK 747-400\time_zone_1\20220318_101719.mp4,20220318_101719.mp4,2022-03-18 17:20:30,2022-03-18 05:17:23,2022-05-28 09:53:14,35.68008,mp4,clip,+00.0000+000.0000/,0.0,0.0,x
D:\Temp storage\Temp videos for projects\2022-03-18 FRA JFK 747-400\time_zone_1\20220318_101725.mp4,20220318_101725.mp4,2022-03-18 17:20:30,2022-03-18 05:17:29,2022-05-28 09:53:14,36.198174,mp4,clip,+00.0000+000.0000/,0.0,0.0,x
D:\Temp storage\Temp videos for projects\2022-03-18 FRA JFK 747-400\time_zone_1\20220318_101821.mp4,20220318_101821.mp4,2022-03-18 17:20:31,2022-03-18 05:18:29,2022-05-28 09:53:14,72.298785,mp4,clip,+00.0000+000.0000/,0.0,0.0,x
D:\Temp storage\Temp videos for projects\2022-03-18 FRA JFK 747-400\time_zone_1\20220318_101925.mp4,20220318_101925.mp4,2022-03-18 17:20:32,2022-03-18 05:19:33,2022-05-28 09:53:14,66.267193,mp4,clip,+00.0000+000.0000/,0.0,0.0,x
D:\Temp storage\Temp videos for projects\2022-03-18 FRA JFK 747-400\time_zone_1\20220318_101958.mp4,20220318_101958.mp4,2022-03-18 17:20:32,2022-03-18 05:20:03,2022-05-28 09:53:14,35.531264,mp4,clip,+00.0000+000.0000/,0.0,0.0,x
D:\Temp storage\Temp videos for projects\2022-03-18 FRA JFK 747-400\time_zone_1\20220318_102010.mp4,20220318_102010.mp4,2022-03-18 17:20:32,2022-03-18 05:20:19,2022-05-28 09:53:14,83.329348,mp4,clip,+00.0000+000.0000/,0.0,0.0,x
D:\Temp storage\Temp videos for projects\2022-03-18 FRA JFK 747-400\time_zone_1\20220318_102055.mp4,20220318_102055.mp4,2022-03-18 17:20:33,2022-03-18 05:21:00,2022-05-28 09:53:14,46.586145,mp4,clip,+00.0000+000.0000/,0.0,0.0,x
D:\Temp storage\Temp videos for projects\2022-03-18 FRA JFK 747-400\time_zone_1\20220318_102116.mp4,20220318_102116.mp4,2022-03-18 17:20:34,2022-03-18 05:21:21,2022-05-28 09:53:14,45.401816,mp4,clip,+00.0000+000.0000/,0.0,0.0,x
D:\Temp storage\Temp videos for projects\2022-03-18 FRA JFK 747-400\time_zone_1\20220318_102204.mp4,20220318_102204.mp4,2022-03-18 17:20:34,2022-03-18 05:22:11,2022-05-28 09:53:15,58.503397,mp4,clip,+00.0000+000.0000/,0.0,0.0,x
D:\Temp storage\Temp videos for projects\2022-03-18 FRA JFK 747-400\time_zone_1\20220318_102238.mp4,20220318_102238.mp4,2022-03-18 17:20:35,2022-03-18 05:22:43,2022-05-28 09:53:15,46.121268,mp4,clip,+00.0000+000.0000/,0.0,0.0,x
D:\Temp storage\Temp videos for projects\2022-03-18 FRA JFK 747-400\time_zone_1\20220318_102424.mp4,20220318_102424.mp4,2022-03-18 17:20:35,2022-03-18 05:24:28,2022-05-28 09:53:15,33.360144,mp4,clip,+00.0000+000.0000/,0.0,0.0,x
D:\Temp storage\Temp videos for projects\2022-03-18 FRA JFK 747-400\time_zone_1\20220318_102528.mp4,20220318_102528.mp4,2022-03-18 17:20:35,2022-03-18 05:25:32,2022-05-28 09:53:15,38.044239,mp4,clip,+00.0000+000.0000/,0.0,0.0,x
D:\Temp storage\Temp videos for projects\2022-03-18 FRA JFK 747-400\time_zone_1\20220318_102553.mp4,20220318_102553.mp4,2022-03-18 17:20:36,2022-03-18 05:25:58,2022-05-28 09:53:15,42.097494,mp4,clip,+00.0000+000.0000/,0.0,0.0,x
D:\Temp storage\Temp videos for projects\2022-03-18 FRA JFK 747-400\time_zone_1\20220318_102619.mp4,20220318_102619.mp4,2022-03-18 17:20:36,2022-03-18 05:26:25,2022-05-28 09:53:15,43.376938,mp4,clip,+00.0000+000.0000/,0.0,0.0,x
D:\Temp storage\Temp videos for projects\2022-03-18 FRA JFK 747-400\time_zone_1\20220318_102742.mp4,20220318_102742.mp4,2022-03-18 17:20:38,2022-03-18 05:27:48,2022-05-28 09:53:15,47.935307,mp4,clip,+00.0000+000.0000/,0.0,0.0,x
D:\Temp storage\Temp videos for projects\2022-03-18 FRA JFK 747-400\time_zone_1\20220318_103255.mp4,20220318_103255.mp4,2022-03-18 17:20:38,2022-03-18 05:33:01,2022-05-28 09:53:15,51.68472,mp4,clip,+00.0000+000.0000/,0.0,0.0,x
D:\Temp storage\Temp videos for projects\2022-03-18 FRA JFK 747-400\time_zone_1\20220318_103635.mp4,20220318_103635.mp4,2022-03-18 17:20:39,2022-03-18 05:36:41,2022-05-28 09:53:15,43.819065,mp4,clip,+00.0000+000.0000/,0.0,0.0,x
D:\Temp storage\Temp videos for projects\2022-03-18 FRA JFK 747-400\time_zone_1\20220318_103922.mp4,20220318_103922.mp4,2022-03-18 17:20:39,2022-03-18 05:39:27,2022-05-28 09:53:15,42.863493,mp4,clip,+00.0000+000.0000/,0.0,0.0,x
D:\Temp storage\Temp videos for projects\2022-03-18 FRA JFK 747-400\time_zone_1\20220318_104035.mp4,20220318_104035.mp4,2022-03-18 17:20:40,2022-03-18 05:40:40,2022-05-28 09:53:15,35.106025,mp4,clip,+00.0000+000.0000/,0.0,0.0,x
D:\Temp storage\Temp videos for projects\2022-03-18 FRA JFK 747-400\time_zone_1\20220318_104104.mp4,20220318_104104.mp4,2022-03-18 17:20:40,2022-03-18 05:41:13,2022-05-28 09:53:15,86.503178,mp4,clip,+50.0469+008.5618/,50.0469,8.5618,x
D:\Temp storage\Temp videos for projects\2022-03-18 FRA JFK 747-400\time_zone_1\20220318_104421.mp4,20220318_104421.mp4,2022-03-18 17:20:41,2022-03-18 05:44:30,2022-05-28 09:53:15,71.018517,mp4,clip,+00.0000+000.0000/,0.0,0.0,x
D:\Temp storage\Temp videos for projects\2022-03-18 FRA JFK 747-400\time_zone_1\20220318_104729.mp4,20220318_104729.mp4,2022-03-18 17:20:42,2022-03-18 05:47:33,2022-05-28 09:53:15,36.108236,mp4,clip,+50.0465+008.5631/,50.0465,8.5631,x
D:\Temp storage\Temp videos for projects\2022-03-18 FRA JFK 747-400\time_zone_1\20220318_104810.mp4,20220318_104810.mp4,2022-03-18 17:20:42,2022-03-18 05:48:17,2022-05-28 09:53:15,59.084643,mp4,clip,+50.0465+008.5631/,50.0465,8.5631,x
D:\Temp storage\Temp videos for projects\2022-03-18 FRA JFK 747-400\time_zone_1\20220318_105407.mp4,20220318_105407.mp4,2022-03-18 17:20:43,2022-03-18 05:54:24,2022-05-28 09:53:15,159.06358,mp4,clip,+50.0468+008.5621/,50.0468,8.5621,x
D:\Temp storage\Temp videos for projects\2022-03-18 FRA JFK 747-400\time_zone_1\20220318_110255.mp4,20220318_110255.mp4,2022-03-18 17:20:44,2022-03-18 06:03:05,2022-05-28 09:53:15,87.749392,mp4,clip,+00.0000+000.0000/,0.0,0.0,x
D:\Temp storage\Temp videos for projects\2022-03-18 FRA JFK 747-400\time_zone_1\20220318_110759.mp4,20220318_110759.mp4,2022-03-18 17:20:45,2022-03-18 06:08:05,2022-05-28 09:53:15,53.585333,mp4,clip,+00.0000+000.0000/,0.0,0.0,x
D:\Temp storage\Temp videos for projects\2022-03-18 FRA JFK 747-400\time_zone_1\20220318_110809.mp4,20220318_110809.mp4,2022-03-18 17:20:46,2022-03-18 06:08:15,2022-05-28 09:53:15,51.461732,mp4,clip,+50.0466+008.5621/,50.0466,8.5621,x
D:\Temp storage\Temp videos for projects\2022-03-18 FRA JFK 747-400\time_zone_1\20220318_110833.mp4,20220318_110833.mp4,2022-03-18 17:20:46,2022-03-18 06:08:40,2022-05-28 09:53:15,57.851326,mp4,clip,+50.0466+008.5621/,50.0466,8.5621,x
D:\Temp storage\Temp videos for projects\2022-03-18 FRA JFK 747-400\time_zone_1\20220318_110853.mp4,20220318_110853.mp4,2022-03-18 17:20:47,2022-03-18 06:09:00,2022-05-28 09:53:15,56.91071,mp4,clip,+50.0462+008.5627/,50.0462,8.5627,x
D:\Temp storage\Temp videos for projects\2022-03-18 FRA JFK 747-400\time_zone_1\20220318_110927.mp4,20220318_110927.mp4,2022-03-18 17:20:47,2022-03-18 06:09:37,2022-05-28 09:53:16,86.103142,mp4,clip,+50.0462+008.5627/,50.0462,8.5627,x
D:\Temp storage\Temp videos for projects\2022-03-18 FRA JFK 747-400\time_zone_1\20220318_110950.mp4,20220318_110950.mp4,2022-03-18 17:20:48,2022-03-18 06:09:59,2022-05-28 09:53:16,80.201466,mp4,clip,+50.0462+008.5627/,50.0462,8.5627,x
D:\Temp storage\Temp videos for projects\2022-03-18 FRA JFK 747-400\time_zone_1\20220318_111350.mp4,20220318_111350.mp4,2022-03-18 17:20:49,2022-03-18 06:13:56,2022-05-28 09:53:16,50.928692,mp4,clip,+50.0472+008.5606/,50.0472,8.5606,x
D:\Temp storage\Temp videos for projects\2022-03-18 FRA JFK 747-400\time_zone_1\20220318_111404.mp4,20220318_111404.mp4,2022-03-18 17:20:49,2022-03-18 06:14:09,2022-05-28 09:53:16,41.140278,mp4,clip,+50.0472+008.5606/,50.0472,8.5606,x
D:\Temp storage\Temp videos for projects\2022-03-18 FRA JFK 747-400\time_zone_1\20220318_111508.mp4,20220318_111508.mp4,2022-03-18 17:20:50,2022-03-18 06:15:14,2022-05-28 09:53:16,49.891114,mp4,clip,+50.0433+008.5592/,50.0433,8.5592,x
D:\Temp storage\Temp videos for projects\2022-03-18 FRA JFK 747-400\time_zone_1\20220318_111532.mp4,20220318_111532.mp4,2022-03-18 17:20:50,2022-03-18 06:15:44,2022-05-28 09:53:16,108.666887,mp4,clip,+50.0433+008.5592/,50.0433,8.5592,x
D:\Temp storage\Temp videos for projects\2022-03-18 FRA JFK 747-400\time_zone_1\20220318_111646.mp4,20220318_111646.mp4,2022-03-18 17:20:51,2022-03-18 06:16:56,2022-05-28 09:53:16,92.139095,mp4,clip,+50.0409+008.5498/,50.0409,8.5498,x
D:\Temp storage\Temp videos for projects\2022-03-18 FRA JFK 747-400\time_zone_1\20220318_111733.mp4,20220318_111733.mp4,2022-03-18 17:20:52,2022-03-18 06:17:38,2022-05-28 09:53:16,40.337766,mp4,clip,+50.0409+008.5498/,50.0409,8.5498,x
D:\Temp storage\Temp videos for projects\2022-03-18 FRA JFK 747-400\time_zone_1\20220318_111845.mp4,20220318_111845.mp4,2022-03-18 17:20:52,2022-03-18 06:18:50,2022-05-28 09:53:16,34.083733,mp4,clip,+00.0000+000.0000/,0.0,0.0,x
D:\Temp storage\Temp videos for projects\2022-03-18 FRA JFK 747-400\time_zone_1\20220318_111951.mp4,20220318_111951.mp4,2022-03-18 17:20:53,2022-03-18 06:19:58,2022-05-28 09:53:16,61.808579,mp4,clip,+00.0000+000.0000/,0.0,0.0,x
D:\Temp storage\Temp videos for projects\2022-03-18 FRA JFK 747-400\time_zone_1\20220318_112104.mp4,20220318_112104.mp4,2022-03-18 17:20:53,2022-03-18 06:21:10,2022-05-28 09:53:16,46.559327,mp4,clip,+00.0000+000.0000/,0.0,0.0,x
D:\Temp storage\Temp videos for projects\2022-03-18 FRA JFK 747-400\time_zone_1\20220318_112118.mp4,20220318_112118.mp4,2022-03-18 17:20:54,2022-03-18 06:21:23,2022-05-28 09:53:16,34.99448,mp4,clip,+50.0340+008.5341/,50.034,8.5341,x
D:\Temp storage\Temp videos for projects\2022-03-18 FRA JFK 747-400\time_zone_1\20220318_112147.mp4,20220318_112147.mp4,2022-03-18 17:20:54,2022-03-18 06:21:54,2022-05-28 09:53:16,65.059566,mp4,clip,+50.0340+008.5341/,50.034,8.5341,x
D:\Temp storage\Temp videos for projects\2022-03-18 FRA JFK 747-400\time_zone_1\20220318_112230.mp4,20220318_112230.mp4,2022-03-18 17:20:55,2022-03-18 06:24:07,2022-05-28 09:53:16,968.793478,mp4,clip,+50.0338+008.5354/,50.0338,8.5354,x
D:\Temp storage\Temp videos for projects\2022-03-18 FRA JFK 747-400\time_zone_1\20220318_112419.mp4,20220318_112419.mp4,2022-03-18 17:21:03,2022-03-18 06:24:27,2022-05-28 09:53:16,75.508485,mp4,clip,+50.0496+008.6070/,50.0496,8.607,x
D:\Temp storage\Temp videos for projects\2022-03-18 FRA JFK 747-400\time_zone_1\20220318_112459.mp4,20220318_112459.mp4,2022-03-18 17:21:04,2022-03-18 06:25:13,2022-05-28 09:53:16,129.421412,mp4,clip,+50.0496+008.6070/,50.0496,8.607,x
D:\Temp storage\Temp videos for projects\2022-03-18 FRA JFK 747-400\time_zone_1\20220318_112533.mp4,20220318_112533.mp4,2022-03-18 17:21:05,2022-03-18 06:25:42,2022-05-28 09:53:16,79.618225,mp4,clip,+50.0658+008.6772/,50.0658,8.6772,x
D:\Temp storage\Temp videos for projects\2022-03-18 FRA JFK 747-400\time_zone_1\20220318_112553.mp4,20220318_112553.mp4,2022-03-18 17:21:06,2022-03-18 06:26:03,2022-05-28 09:53:16,97.074798,mp4,clip,+50.0658+008.6772/,50.0658,8.6772,x
D:\Temp storage\Temp videos for projects\2022-03-18 FRA JFK 747-400\time_zone_1\20220318_112613.mp4,20220318_112613.mp4,2022-03-18 17:21:06,2022-03-18 06:26:19,2022-05-28 09:53:16,55.258911,mp4,clip,+00.0000+000.0000/,0.0,0.0,x
D:\Temp storage\Temp videos for projects\2022-03-18 FRA JFK 747-400\time_zone_1\20220318_112658.mp4,20220318_112658.mp4,2022-03-18 17:21:07,2022-03-18 06:27:06,2022-05-28 09:53:16,67.25313,mp4,clip,+50.0658+008.6772/,50.0658,8.6772,x
D:\Temp storage\Temp videos for projects\2022-03-18 FRA JFK 747-400\time_zone_1\20220318_112725.mp4,20220318_112725.mp4,2022-03-18 17:21:07,2022-03-18 06:27:36,2022-05-28 09:53:16,103.000505,mp4,clip,+00.0000+000.0000/,0.0,0.0,x
D:\Temp storage\Temp videos for projects\2022-03-18 FRA JFK 747-400\time_zone_1\20220318_112829.mp4,20220318_112829.mp4,2022-03-18 17:21:08,2022-03-18 06:28:36,2022-05-28 09:53:16,66.729957,mp4,clip,+50.2702+008.8060/,50.2702,8.806,x
D:\Temp storage\Temp videos for projects\2022-03-18 FRA JFK 747-400\time_zone_1\20220318_112907.mp4,20220318_112907.mp4,2022-03-18 17:21:09,2022-03-18 06:29:14,2022-05-28 09:53:17,55.540076,mp4,clip,+50.2702+008.8060/,50.2702,8.806,x
D:\Temp storage\Temp videos for projects\2022-03-18 FRA JFK 747-400\time_zone_1\20220318_113005.mp4,20220318_113005.mp4,2022-03-18 17:21:10,2022-03-18 06:30:13,2022-05-28 09:53:17,72.737206,mp4,clip,+50.3312+008.5974/,50.3312,8.5974,x
D:\Temp storage\Temp videos for projects\2022-03-18 FRA JFK 747-400\time_zone_1\20220318_113059.mp4,20220318_113059.mp4,2022-03-18 17:21:10,2022-03-18 06:31:05,2022-05-28 09:53:17,49.753079,mp4,clip,+50.3312+008.5974/,50.3312,8.5974,x
D:\Temp storage\Temp videos for projects\2022-03-18 FRA JFK 747-400\time_zone_1\20220318_113227.mp4,20220318_113227.mp4,2022-03-18 17:21:11,2022-03-18 06:32:34,2022-05-28 09:53:17,60.727388,mp4,clip,+00.0000+000.0000/,0.0,0.0,x
D:\Temp storage\Temp videos for projects\2022-03-18 FRA JFK 747-400\time_zone_1\20220318_113331.mp4,20220318_113331.mp4,2022-03-18 17:21:11,2022-03-18 06:33:40,2022-05-28 09:53:17,80.35253,mp4,clip,+00.0000+000.0000/,0.0,0.0,x
D:\Temp storage\Temp videos for projects\2022-03-18 FRA JFK 747-400\time_zone_1\20220318_113448.mp4,20220318_113448.mp4,2022-03-18 17:21:12,2022-03-18 06:34:56,2022-05-28 09:53:17,74.414118,mp4,clip,+00.0000+000.0000/,0.0,0.0,x
D:\Temp storage\Temp videos for projects\2022-03-18 FRA JFK 747-400\time_zone_1\20220318_113624.mp4,20220318_113624.mp4,2022-03-18 17:21:13,2022-03-18 06:36:29,2022-05-28 09:53:17,43.509797,mp4,clip,+00.0000+000.0000/,0.0,0.0,x
D:\Temp storage\Temp videos for projects\2022-03-18 FRA JFK 747-400\time_zone_1\20220318_113653.mp4,20220318_113653.mp4,2022-03-18 17:21:13,2022-03-18 06:36:57,2022-05-28 09:53:17,28.065884,mp4,clip,+00.0000+000.0000/,0.0,0.0,x
D:\Temp storage\Temp videos for projects\2022-03-18 FRA JFK 747-400\time_zone_1\20220318_113717.mp4,20220318_113717.mp4,2022-03-18 17:21:14,2022-03-18 06:37:25,2022-05-28 09:53:17,69.868228,mp4,clip,+50.3312+008.5974/,50.3312,8.5974,x
D:\Temp storage\Temp videos for projects\2022-03-18 FRA JFK 747-400\time_zone_1\20220318_113912.mp4,20220318_113912.mp4,2022-03-18 17:21:14,2022-03-18 06:39:18,2022-05-28 09:53:17,47.685866,mp4,clip,+00.0000+000.0000/,0.0,0.0,x
D:\Temp storage\Temp videos for projects\2022-03-18 FRA JFK 747-400\time_zone_1\20220318_113925.mp4,20220318_113925.mp4,2022-03-18 17:21:15,2022-03-18 06:39:28,2022-05-28 09:53:17,16.25832,mp4,clip,+00.0000+000.0000/,0.0,0.0,x
D:\Temp storage\Temp videos for projects\2022-03-18 FRA JFK 747-400\time_zone_1\20220318_113932.mp4,20220318_113932.mp4,2022-03-18 17:21:15,2022-03-18 06:39:40,2022-05-28 09:53:17,61.835436,mp4,clip,+50.3312+008.5974/,50.3312,8.5974,x
D:\Temp storage\Temp videos for projects\2022-03-18 FRA JFK 747-400\time_zone_1\20220318_114029.mp4,20220318_114029.mp4,2022-03-18 17:21:16,2022-03-18 06:40:37,2022-05-28 09:53:17,64.07837,mp4,clip,+00.0000+000.0000/,0.0,0.0,x
D:\Temp storage\Temp videos for projects\2022-03-18 FRA JFK 747-400\time_zone_1\20220318_114105.mp4,20220318_114105.mp4,2022-03-18 17:21:17,2022-03-18 06:41:10,2022-05-28 09:53:17,45.085789,mp4,clip,+00.0000+000.0000/,0.0,0.0,x
D:\Temp storage\Temp videos for projects\2022-03-18 FRA JFK 747-400\time_zone_1\20220318_114220.mp4,20220318_114220.mp4,2022-03-18 17:21:18,2022-03-18 06:42:25,2022-05-28 09:53:17,43.426346,mp4,clip,+00.0000+000.0000/,0.0,0.0,x
D:\Temp storage\Temp videos for projects\2022-03-18 FRA JFK 747-400\time_zone_1\20220318_114325.mp4,20220318_114325.mp4,2022-03-18 17:21:18,2022-03-18 06:43:32,2022-05-28 09:53:17,51.127632,mp4,clip,+51.0035+006.4316/,51.0035,6.4316,x
D:\Temp storage\Temp videos for projects\2022-03-18 FRA JFK 747-400\time_zone_1\20220318_114416.mp4,20220318_114416.mp4,2022-03-18 17:21:19,2022-03-18 06:44:23,2022-05-28 09:53:17,69.603525,mp4,clip,+51.0035+006.4316/,51.0035,6.4316,x
D:\Temp storage\Temp videos for projects\2022-03-18 FRA JFK 747-400\time_zone_1\20220318_114616.mp4,20220318_114616.mp4,2022-03-18 17:21:20,2022-03-18 06:46:25,2022-05-28 09:53:17,78.468861,mp4,clip,+51.1628+005.9029/,51.1628,5.9029,x
D:\Temp storage\Temp videos for projects\2022-03-18 FRA JFK 747-400\time_zone_1\20220318_114627.mp4,20220318_114627.mp4,2022-03-18 17:21:20,2022-03-18 06:46:34,2022-05-28 09:53:17,61.468092,mp4,clip,+51.1628+005.9029/,51.1628,5.9029,x
D:\Temp storage\Temp videos for projects\2022-03-18 FRA JFK 747-400\time_zone_1\20220318_114655.mp4,20220318_114655.mp4,2022-03-18 17:21:21,2022-03-18 06:47:11,2022-05-28 09:53:17,154.602446,mp4,clip,+51.1628+005.9029/,51.1628,5.9029,x
D:\Temp storage\Temp videos for projects\2022-03-18 FRA JFK 747-400\time_zone_1\20220318_114715.mp4,20220318_114715.mp4,2022-03-18 17:21:22,2022-03-18 06:47:22,2022-05-28 09:53:17,57.093825,mp4,clip,+51.1628+005.9029/,51.1628,5.9029,x
D:\Temp storage\Temp videos for projects\2022-03-18 FRA JFK 747-400\time_zone_1\20220318_114729.mp4,20220318_114729.mp4,2022-03-18 17:21:23,2022-03-18 06:47:35,2022-05-28 09:53:18,45.527693,mp4,clip,+51.1628+005.9029/,51.1628,5.9029,x
D:\Temp storage\Temp videos for projects\2022-03-18 FRA JFK 747-400\time_zone_1\20220318_114831.mp4,20220318_114831.mp4,2022-03-18 17:21:23,2022-03-18 06:48:37,2022-05-28 09:53:18,43.893961,mp4,clip,+51.3523+005.5633/,51.3523,5.5633,x
D:\Temp storage\Temp videos for projects\2022-03-18 FRA JFK 747-400\time_zone_1\20220318_114839.mp4,20220318_114839.mp4,2022-03-18 17:21:24,2022-03-18 06:48:45,2022-05-28 09:53:18,41.904519,mp4,clip,+51.3523+005.5633/,51.3523,5.5633,x
D:\Temp storage\Temp videos for projects\2022-03-18 FRA JFK 747-400\time_zone_1\20220318_114924.mp4,20220318_114924.mp4,2022-03-18 17:21:24,2022-03-18 06:49:31,2022-05-28 09:53:18,58.162759,mp4,clip,+51.3523+005.5633/,51.3523,5.5633,x
D:\Temp storage\Temp videos for projects\2022-03-18 FRA JFK 747-400\time_zone_1\20220318_114937.mp4,20220318_114937.mp4,2022-03-18 17:21:25,2022-03-18 06:49:44,2022-05-28 09:53:18,61.614078,mp4,clip,+51.3523+005.5633/,51.3523,5.5633,x
D:\Temp storage\Temp videos for projects\2022-03-18 FRA JFK 747-400\time_zone_1\20220318_115058.mp4,20220318_115058.mp4,2022-03-18 17:21:25,2022-03-18 06:51:05,2022-05-28 09:53:18,57.73549,mp4,clip,+00.0000+000.0000/,0.0,0.0,x
D:\Temp storage\Temp videos for projects\2022-03-18 FRA JFK 747-400\time_zone_1\20220318_115107.mp4,20220318_115107.mp4,2022-03-18 17:21:26,2022-03-18 06:51:14,2022-05-28 09:53:18,63.223073,mp4,clip,+51.5698+005.1914/,51.5698,5.1914,x
D:\Temp storage\Temp videos for projects\2022-03-18 FRA JFK 747-400\time_zone_1\20220318_115140.mp4,20220318_115140.mp4,2022-03-18 17:21:27,2022-03-18 06:51:45,2022-05-28 09:53:18,40.483773,mp4,clip,+51.5698+005.1914/,51.5698,5.1914,x
D:\Temp storage\Temp videos for projects\2022-03-18 FRA JFK 747-400\time_zone_1\20220318_115217.mp4,20220318_115217.mp4,2022-03-18 17:21:27,2022-03-18 06:52:23,2022-05-28 09:53:18,54.048986,mp4,clip,+00.0000+000.0000/,0.0,0.0,x
D:\Temp storage\Temp videos for projects\2022-03-18 FRA JFK 747-400\time_zone_1\20220318_115321.mp4,20220318_115321.mp4,2022-03-18 17:21:28,2022-03-18 06:53:28,2022-05-28 09:53:18,61.058566,mp4,clip,+51.6096+004.9269/,51.6096,4.9269,x
D:\Temp storage\Temp videos for projects\2022-03-18 FRA JFK 747-400\time_zone_1\20220318_115410.mp4,20220318_115410.mp4,2022-03-18 17:21:29,2022-03-18 06:54:18,2022-05-28 09:53:18,65.063124,mp4,clip,+51.6368+004.5585/,51.6368,4.5585,x
D:\Temp storage\Temp videos for projects\2022-03-18 FRA JFK 747-400\time_zone_1\20220318_115520.mp4,20220318_115520.mp4,2022-03-18 17:21:29,2022-03-18 06:55:27,2022-05-28 09:53:18,52.412971,mp4,clip,+00.0000+000.0000/,0.0,0.0,x
D:\Temp storage\Temp videos for projects\2022-03-18 FRA JFK 747-400\time_zone_1\20220318_115605.mp4,20220318_115605.mp4,2022-03-18 17:21:30,2022-03-18 06:56:11,2022-05-28 09:53:18,53.557318,mp4,clip,+51.6574+004.2837/,51.6574,4.2837,x
D:\Temp storage\Temp videos for projects\2022-03-18 FRA JFK 747-400\time_zone_1\20220318_115613.mp4,20220318_115613.mp4,2022-03-18 17:21:30,2022-03-18 06:56:19,2022-05-28 09:53:18,48.326853,mp4,clip,+51.6688+004.1269/,51.6688,4.1269,x
D:\Temp storage\Temp videos for projects\2022-03-18 FRA JFK 747-400\time_zone_1\20220318_115659.mp4,20220318_115659.mp4,2022-03-18 17:21:31,2022-03-18 06:57:07,2022-05-28 09:53:18,71.052384,mp4,clip,+51.6809+003.9522/,51.6809,3.9522,x
D:\Temp storage\Temp videos for projects\2022-03-18 FRA JFK 747-400\time_zone_1\20220318_115740.mp4,20220318_115740.mp4,2022-03-18 17:21:32,2022-03-18 06:57:46,2022-05-28 09:53:18,41.422882,mp4,clip,+51.6910+003.8121/,51.691,3.8121,x
D:\Temp storage\Temp videos for projects\2022-03-18 FRA JFK 747-400\time_zone_1\20220318_115902.mp4,20220318_115902.mp4,2022-03-18 17:21:32,2022-03-18 06:59:10,2022-05-28 09:53:18,71.059703,mp4,clip,+00.0000+000.0000/,0.0,0.0,x
D:\Temp storage\Temp videos for projects\2022-03-18 FRA JFK 747-400\time_zone_1\20220318_115922.mp4,20220318_115922.mp4,2022-03-18 17:21:33,2022-03-18 06:59:27,2022-05-28 09:53:18,37.190694,mp4,clip,+00.0000+000.0000/,0.0,0.0,x
D:\Temp storage\Temp videos for projects\2022-03-18 FRA JFK 747-400\time_zone_1\20220318_120410.mp4,20220318_120410.mp4,2022-03-18 17:21:33,2022-03-18 07:04:15,2022-05-28 09:53:18,44.278951,mp4,clip,+00.0000+000.0000/,0.0,0.0,x
D:\Temp storage\Temp videos for projects\2022-03-18 FRA JFK 747-400\time_zone_1\20220318_120854.mp4,20220318_120854.mp4,2022-03-18 17:21:34,2022-03-18 07:08:59,2022-05-28 09:53:18,45.065466,mp4,clip,+51.5679+001.3898/,51.5679,1.3898,x
D:\Temp storage\Temp videos for projects\2022-03-18 FRA JFK 747-400\time_zone_1\20220318_120908.mp4,20220318_120908.mp4,2022-03-18 17:21:34,2022-03-18 07:09:13,2022-05-28 09:53:18,42.512248,mp4,clip,+51.5679+001.3898/,51.5679,1.3898,x
D:\Temp storage\Temp videos for projects\2022-03-18 FRA JFK 747-400\time_zone_1\20220318_121024.mp4,20220318_121024.mp4,2022-03-18 17:21:35,2022-03-18 07:10:29,2022-05-28 09:53:19,40.938425,mp4,clip,+51.5409+001.0290/,51.5409,1.029,x
D:\Temp storage\Temp videos for projects\2022-03-18 FRA JFK 747-400\time_zone_1\20220318_121107.mp4,20220318_121107.mp4,2022-03-18 17:21:35,2022-03-18 07:11:13,2022-05-28 09:53:19,50.670464,mp4,clip,+51.5409+001.0290/,51.5409,1.029,x
D:\Temp storage\Temp videos for projects\2022-03-18 FRA JFK 747-400\time_zone_1\20220318_121126.mp4,20220318_121126.mp4,2022-03-18 17:21:36,2022-03-18 07:11:31,2022-05-28 09:53:19,32.884047,mp4,clip,+51.5382+000.8120/,51.5382,0.812,x
D:\Temp storage\Temp videos for projects\2022-03-18 FRA JFK 747-400\time_zone_1\20220318_121214.mp4,20220318_121214.mp4,2022-03-18 17:21:36,2022-03-18 07:12:20,2022-05-28 09:53:19,44.933523,mp4,clip,+00.0000+000.0000/,0.0,0.0,x
D:\Temp storage\Temp videos for projects\2022-03-18 FRA JFK 747-400\time_zone_1\20220318_121307.mp4,20220318_121307.mp4,2022-03-18 17:21:36,2022-03-18 07:13:13,2022-05-28 09:53:19,42.975332,mp4,clip,+51.5311+000.3812/,51.5311,0.3812,x
D:\Temp storage\Temp videos for projects\2022-03-18 FRA JFK 747-400\time_zone_1\20220318_121455.mp4,20220318_121455.mp4,2022-03-18 17:21:37,2022-03-18 07:15:00,2022-05-28 09:53:19,45.137138,mp4,clip,+00.0000+000.0000/,0.0,0.0,x
D:\Temp storage\Temp videos for projects\2022-03-18 FRA JFK 747-400\time_zone_1\20220318_121604.mp4,20220318_121604.mp4,2022-03-18 17:21:38,2022-03-18 07:16:09,2022-05-28 09:53:19,43.678645,mp4,clip,+00.0000+000.0000/,0.0,0.0,x
D:\Temp storage\Temp videos for projects\2022-03-18 FRA JFK 747-400\time_zone_1\20220318_121729.mp4,20220318_121729.mp4,2022-03-18 17:21:39,2022-03-18 07:17:35,2022-05-28 09:53:19,45.956357,mp4,clip,+00.0000+000.0000/,0.0,0.0,x
D:\Temp storage\Temp videos for projects\2022-03-18 FRA JFK 747-400\time_zone_1\20220318_121819.mp4,20220318_121819.mp4,2022-03-18 17:21:39,2022-03-18 07:18:25,2022-05-28 09:53:19,46.129247,mp4,clip,+00.0000+000.0000/,0.0,0.0,x
D:\Temp storage\Temp videos for projects\2022-03-18 FRA JFK 747-400\time_zone_1\20220318_121909.mp4,20220318_121909.mp4,2022-03-18 17:21:40,2022-03-18 07:19:14,2022-05-28 09:53:19,47.292978,mp4,clip,+00.0000+000.0000/,0.0,0.0,x
D:\Temp storage\Temp videos for projects\2022-03-18 FRA JFK 747-400\time_zone_1\20220318_122000.mp4,20220318_122000.mp4,2022-03-18 17:21:40,2022-03-18 07:20:09,2022-05-28 09:53:19,83.668209,mp4,clip,+00.0000+000.0000/,0.0,0.0,x
D:\Temp storage\Temp videos for projects\2022-03-18 FRA JFK 747-400\time_zone_1\20220318_122050.mp4,20220318_122050.mp4,2022-03-18 17:21:41,2022-03-18 07:20:57,2022-05-28 09:53:19,57.327784,mp4,clip,+51.4947-001.1926/,51.4947,-1.1926,x
D:\Temp storage\Temp videos for projects\2022-03-18 FRA JFK 747-400\time_zone_1\20220318_122102.mp4,20220318_122102.mp4,2022-03-18 17:21:42,2022-03-18 07:21:08,2022-05-28 09:53:19,42.398456,mp4,clip,+51.4947-001.1926/,51.4947,-1.1926,x
D:\Temp storage\Temp videos for projects\2022-03-18 FRA JFK 747-400\time_zone_1\20220318_122302.mp4,20220318_122302.mp4,2022-03-18 17:21:42,2022-03-18 07:23:10,2022-05-28 09:53:19,76.198875,mp4,clip,+00.0000+000.0000/,0.0,0.0,x
D:\Temp storage\Temp videos for projects\2022-03-18 FRA JFK 747-400\time_zone_1\20220318_122413.mp4,20220318_122413.mp4,2022-03-18 17:21:43,2022-03-18 07:24:18,2022-05-28 09:53:19,48.450299,mp4,clip,+00.0000+000.0000/,0.0,0.0,x
D:\Temp storage\Temp videos for projects\2022-03-18 FRA JFK 747-400\time_zone_1\20220318_122526.mp4,20220318_122526.mp4,2022-03-18 17:21:43,2022-03-18 07:25:32,2022-05-28 09:53:19,57.561842,mp4,clip,+00.0000+000.0000/,0.0,0.0,x
D:\Temp storage\Temp videos for projects\2022-03-18 FRA JFK 747-400\time_zone_1\20220318_122613.mp4,20220318_122613.mp4,2022-03-18 17:21:44,2022-03-18 07:26:20,2022-05-28 09:53:19,55.899095,mp4,clip,+00.0000+000.0000/,0.0,0.0,x
D:\Temp storage\Temp videos for projects\2022-03-18 FRA JFK 747-400\time_zone_1\20220318_122623.mp4,20220318_122623.mp4,2022-03-18 17:21:44,2022-03-18 07:26:27,2022-05-28 09:53:19,27.200555,mp4,clip,+00.0000+000.0000/,0.0,0.0,x
D:\Temp storage\Temp videos for projects\2022-03-18 FRA JFK 747-400\time_zone_1\20220318_122747.mp4,20220318_122747.mp4,2022-03-18 17:21:45,2022-03-18 07:27:52,2022-05-28 09:53:19,44.702546,mp4,clip,+51.7200-002.8349/,51.72,-2.8349,x
D:\Temp storage\Temp videos for projects\2022-03-18 FRA JFK 747-400\time_zone_1\20220318_122811.mp4,20220318_122811.mp4,2022-03-18 17:21:45,2022-03-18 07:28:18,2022-05-28 09:53:19,58.767289,mp4,clip,+51.7314-002.9250/,51.7314,-2.925,x
D:\Temp storage\Temp videos for projects\2022-03-18 FRA JFK 747-400\time_zone_1\20220318_122820.mp4,20220318_122820.mp4,2022-03-18 17:21:46,2022-03-18 07:28:28,2022-05-28 09:53:19,66.891366,mp4,clip,+51.7351-002.9539/,51.7351,-2.9539,x
D:\Temp storage\Temp videos for projects\2022-03-18 FRA JFK 747-400\time_zone_1\20220318_123003.mp4,20220318_123003.mp4,2022-03-18 17:21:46,2022-03-18 07:30:08,2022-05-28 09:53:20,40.872639,mp4,clip,+51.7811-003.3250/,51.7811,-3.325,x
D:\Temp storage\Temp videos for projects\2022-03-18 FRA JFK 747-400\time_zone_1\20220318_123126.mp4,20220318_123126.mp4,2022-03-18 17:21:46,2022-03-18 07:31:34,2022-05-28 09:53:20,73.005948,mp4,clip,+51.8168-003.6233/,51.8168,-3.6233,x
D:\Temp storage\Temp videos for projects\2022-03-18 FRA JFK 747-400\time_zone_1\20220318_123347.mp4,20220318_123347.mp4,2022-03-18 17:21:47,2022-03-18 07:33:54,2022-05-28 09:53:20,62.481058,mp4,clip,+00.0000+000.0000/,0.0,0.0,x
D:\Temp storage\Temp videos for projects\2022-03-18 FRA JFK 747-400\time_zone_1\20220318_123426.mp4,20220318_123426.mp4,2022-03-18 17:21:49,2022-03-18 07:34:33,2022-05-28 09:53:20,59.431286,mp4,clip,+51.8974-004.2736/,51.8974,-4.2736,x
D:\Temp storage\Temp videos for projects\2022-03-18 FRA JFK 747-400\time_zone_1\20220318_123514.mp4,20220318_123514.mp4,2022-03-18 17:21:49,2022-03-18 07:35:20,2022-05-28 09:53:20,42.025513,mp4,clip,+51.9236-004.4454/,51.9236,-4.4454,x
D:\Temp storage\Temp videos for projects\2022-03-18 FRA JFK 747-400\time_zone_1\20220318_123527.mp4,20220318_123527.mp4,2022-03-18 17:21:50,2022-03-18 07:35:33,2022-05-28 09:53:20,44.57164,mp4,clip,+51.9306-004.4921/,51.9306,-4.4921,x
D:\Temp storage\Temp videos for projects\2022-03-18 FRA JFK 747-400\time_zone_1\20220318_123728.mp4,20220318_123728.mp4,2022-03-18 17:21:50,2022-03-18 07:37:34,2022-05-28 09:53:20,50.38342,mp4,clip,+51.9946-004.9276/,51.9946,-4.9276,x
D:\Temp storage\Temp videos for projects\2022-03-18 FRA JFK 747-400\time_zone_1\20220318_124624.mp4,20220318_124624.mp4,2022-03-18 17:21:51,2022-03-18 07:46:30,2022-05-28 09:53:20,50.129289,mp4,clip,+52.2562-006.8444/,52.2562,-6.8444,x
D:\Temp storage\Temp videos for projects\2022-03-18 FRA JFK 747-400\time_zone_1\20220318_124634.mp4,20220318_124634.mp4,2022-03-18 17:21:51,2022-03-18 07:46:41,2022-05-28 09:53:20,57.804174,mp4,clip,+52.2601-006.8766/,52.2601,-6.8766,x
D:\Temp storage\Temp videos for projects\2022-03-18 FRA JFK 747-400\time_zone_1\20220318_124735.mp4,20220318_124735.mp4,2022-03-18 17:21:52,2022-03-18 07:47:41,2022-05-28 09:53:20,42.932253,mp4,clip,+52.2883-007.0979/,52.2883,-7.0979,x
D:\Temp storage\Temp videos for projects\2022-03-18 FRA JFK 747-400\time_zone_1\20220318_124847.mp4,20220318_124847.mp4,2022-03-18 17:21:52,2022-03-18 07:48:55,2022-05-28 09:53:20,68.230981,mp4,clip,+52.3197-007.3516/,52.3197,-7.3516,x
D:\Temp storage\Temp videos for projects\2022-03-18 FRA JFK 747-400\time_zone_1\20220318_125007.mp4,20220318_125007.mp4,2022-03-18 17:21:53,2022-03-18 07:50:15,2022-05-28 09:53:20,71.354351,mp4,clip,+52.3545-007.6363/,52.3545,-7.6363,x
D:\Temp storage\Temp videos for projects\2022-03-18 FRA JFK 747-400\time_zone_1\20220318_125134.mp4,20220318_125134.mp4,2022-03-18 17:21:54,2022-03-18 07:51:39,2022-05-28 09:53:20,44.446208,mp4,clip,+52.3912-007.9453/,52.3912,-7.9453,x
D:\Temp storage\Temp videos for projects\2022-03-18 FRA JFK 747-400\time_zone_1\20220318_125340.mp4,20220318_125340.mp4,2022-03-18 17:21:54,2022-03-18 07:53:45,2022-05-28 09:53:20,41.85439,mp4,clip,+52.4432-008.3950/,52.4432,-8.395,x
D:\Temp storage\Temp videos for projects\2022-03-18 FRA JFK 747-400\time_zone_1\20220318_125500.mp4,20220318_125500.mp4,2022-03-18 17:21:54,2022-03-18 07:55:06,2022-05-28 09:53:20,49.799426,mp4,clip,+52.4755-008.6814/,52.4755,-8.6814,x
D:\Temp storage\Temp videos for projects\2022-03-18 FRA JFK 747-400\time_zone_1\20220318_125602.mp4,20220318_125602.mp4,2022-03-18 17:21:55,2022-03-18 07:56:07,2022-05-28 09:53:20,45.703914,mp4,clip,+52.4998-008.9036/,52.4998,-8.9036,x
D:\Temp storage\Temp videos for projects\2022-03-18 FRA JFK 747-400\time_zone_1\20220318_125739.mp4,20220318_125739.mp4,2022-03-18 17:21:56,2022-03-18 07:57:50,2022-05-28 09:53:20,104.749078,mp4,clip,+52.5371-009.2504/,52.5371,-9.2504,x
D:\Temp storage\Temp videos for projects\2022-03-18 FRA JFK 747-400\time_zone_1\20220318_125859.mp4,20220318_125859.mp4,2022-03-18 17:21:57,2022-03-18 07:59:05,2022-05-28 09:53:20,49.624497,mp4,clip,+52.5669-009.5349/,52.5669,-9.5349,x
D:\Temp storage\Temp videos for projects\2022-03-18 FRA JFK 747-400\time_zone_1\20220318_125907.mp4,20220318_125907.mp4,2022-03-18 17:21:57,2022-03-18 07:59:12,2022-05-28 09:53:20,41.365986,mp4,clip,+52.5698-009.5632/,52.5698,-9.5632,x
D:\Temp storage\Temp videos for projects\2022-03-18 FRA JFK 747-400\time_zone_1\20220318_130124.mp4,20220318_130124.mp4,2022-03-18 17:21:58,2022-03-18 08:01:28,2022-05-28 09:53:20,33.556545,mp4,clip,+52.6186-010.0463/,52.6186,-10.0463,x
D:\Temp storage\Temp videos for projects\2022-03-18 FRA JFK 747-400\time_zone_1\20220318_130515.mp4,20220318_130515.mp4,2022-03-18 17:21:58,2022-03-18 08:05:22,2022-05-28 09:53:20,56.808219,mp4,clip,+52.6959-010.8590/,52.6959,-10.859,x
D:\Temp storage\Temp videos for projects\2022-03-18 FRA JFK 747-400\time_zone_1\20220318_132057.mp4,20220318_132057.mp4,2022-03-18 17:22:00,2022-03-18 08:21:05,2022-05-28 09:53:21,63.909681,mp4,clip,+52.9496-014.1499/,52.9496,-14.1499,x
D:\Temp storage\Temp videos for projects\2022-03-18 FRA JFK 747-400\time_zone_1\20220318_134417.mp4,20220318_134417.mp4,2022-03-18 17:22:00,2022-03-18 08:44:21,2022-05-28 09:53:21,35.361901,mp4,clip,+53.8164-018.8841/,53.8164,-18.8841,x
D:\Temp storage\Temp videos for projects\2022-03-18 FRA JFK 747-400\time_zone_1\20220318_142221.mp4,20220318_142221.mp4,2022-03-18 17:22:01,2022-03-18 09:22:32,2022-05-28 09:53:21,100.165599,mp4,clip,+54.8029-026.9329/,54.8029,-26.9329,x
D:\Temp storage\Temp videos for projects\2022-03-18 FRA JFK 747-400\time_zone_1\20220318_142332.mp4,20220318_142332.mp4,2022-03-18 17:22:02,2022-03-18 09:23:39,2022-05-28 09:53:21,62.582321,mp4,clip,+00.0000+000.0000/,0.0,0.0,x
D:\Temp storage\Temp videos for projects\2022-03-18 FRA JFK 747-400\time_zone_1\20220318_142409.mp4,20220318_142409.mp4,2022-03-18 17:22:03,2022-03-18 09:24:13,2022-05-28 09:53:21,37.195835,mp4,clip,+00.0000+000.0000/,0.0,0.0,x
D:\Temp storage\Temp videos for projects\2022-03-18 FRA JFK 747-400\time_zone_1\20220318_142417.mp4,20220318_142417.mp4,2022-03-18 17:22:03,2022-03-18 09:24:24,2022-05-28 09:53:21,61.072506,mp4,clip,+00.0000+000.0000/,0.0,0.0,x
D:\Temp storage\Temp videos for projects\2022-03-18 FRA JFK 747-400\time_zone_1\20220318_143037.mp4,20220318_143037.mp4,2022-03-18 17:22:04,2022-03-18 09:30:47,2022-05-28 09:53:21,83.185449,mp4,clip,+54.8029-026.9329/,54.8029,-26.9329,x
D:\Temp storage\Temp videos for projects\2022-03-18 FRA JFK 747-400\time_zone_1\20220318_143153.mp4,20220318_143153.mp4,2022-03-18 17:22:11,2022-03-18 09:31:55,2022-05-28 09:53:21,13.885137,mp4,clip,+00.0000+000.0000/,0.0,0.0,x
D:\Temp storage\Temp videos for projects\2022-03-18 FRA JFK 747-400\time_zone_1\20220318_144433.mp4,20220318_144433.mp4,2022-03-18 17:22:16,2022-03-18 09:44:38,2022-05-28 09:53:21,34.526473,mp4,clip,+55.0802-031.9124/,55.0802,-31.9124,x
D:\Temp storage\Temp videos for projects\2022-03-18 FRA JFK 747-400\time_zone_1\20220318_162647.mp4,20220318_162647.mp4,2022-03-18 17:22:17,2022-03-18 11:26:54,2022-05-28 09:53:21,56.641766,mp4,clip,+52.4601-052.2206/,52.4601,-52.2206,x
D:\Temp storage\Temp videos for projects\2022-03-18 FRA JFK 747-400\time_zone_1\20220318_163132.mp4,20220318_163132.mp4,2022-03-18 17:22:18,2022-03-18 11:31:40,2022-05-28 09:53:21,71.120526,mp4,clip,+52.2389-053.0123/,52.2389,-53.0123,x
D:\Temp storage\Temp videos for projects\2022-03-18 FRA JFK 747-400\time_zone_1\20220318_163152.mp4,20220318_163152.mp4,2022-03-18 17:22:19,2022-03-18 11:31:56,2022-05-28 09:53:21,34.573548,mp4,clip,+52.2171-053.0631/,52.2171,-53.0631,x
D:\Temp storage\Temp videos for projects\2022-03-18 FRA JFK 747-400\time_zone_1\20220318_163210.mp4,20220318_163210.mp4,2022-03-18 17:22:19,2022-03-18 11:32:16,2022-05-28 09:53:21,46.101305,mp4,clip,+52.1980-053.1087/,52.198,-53.1087,x
D:\Temp storage\Temp videos for projects\2022-03-18 FRA JFK 747-400\time_zone_1\20220318_163244.mp4,20220318_163244.mp4,2022-03-18 17:22:20,2022-03-18 11:32:55,2022-05-28 09:53:21,93.959014,mp4,clip,+52.1600-053.1972/,52.16,-53.1972,x
D:\Temp storage\Temp videos for projects\2022-03-18 FRA JFK 747-400\time_zone_1\20220318_163257.mp4,20220318_163257.mp4,2022-03-18 17:22:21,2022-03-18 11:33:06,2022-05-28 09:53:21,75.66305,mp4,clip,+52.1461-053.2298/,52.1461,-53.2298,x
D:\Temp storage\Temp videos for projects\2022-03-18 FRA JFK 747-400\time_zone_1\20220318_173124.mp4,20220318_173124.mp4,2022-03-18 17:22:21,2022-03-18 12:31:29,2022-05-28 09:53:21,37.944257,mp4,clip,+48.1584-061.2129/,48.1584,-61.2129,x
D:\Temp storage\Temp videos for projects\2022-03-18 FRA JFK 747-400\time_zone_1\20220318_173200.mp4,20220318_173200.mp4,2022-03-18 17:22:22,2022-03-18 12:32:05,2022-05-28 09:53:21,44.505477,mp4,clip,+48.1142-061.2891/,48.1142,-61.2891,x
D:\Temp storage\Temp videos for projects\2022-03-18 FRA JFK 747-400\time_zone_1\20220318_173328.mp4,20220318_173328.mp4,2022-03-18 17:22:22,2022-03-18 12:33:34,2022-05-28 09:53:21,44.385914,mp4,clip,+48.0058-061.4754/,48.0058,-61.4754,x
D:\Temp storage\Temp videos for projects\2022-03-18 FRA JFK 747-400\time_zone_1\20220318_173504.mp4,20220318_173504.mp4,2022-03-18 17:22:23,2022-03-18 12:35:10,2022-05-28 09:53:21,55.251468,mp4,clip,+47.8867-061.6780/,47.8867,-61.678,x
D:\Temp storage\Temp videos for projects\2022-03-18 FRA JFK 747-400\time_zone_1\20220318_173658.mp4,20220318_173658.mp4,2022-03-18 17:22:24,2022-03-18 12:37:05,2022-05-28 09:53:21,56.528733,mp4,clip,+47.7438-061.9194/,47.7438,-61.9194,x
D:\Temp storage\Temp videos for projects\2022-03-18 FRA JFK 747-400\time_zone_1\20220318_173926.mp4,20220318_173926.mp4,2022-03-18 17:22:24,2022-03-18 12:39:31,2022-05-28 09:53:21,39.487226,mp4,clip,+47.5598-062.2270/,47.5598,-62.227,x
D:\Temp storage\Temp videos for projects\2022-03-18 FRA JFK 747-400\time_zone_1\20220318_174351.mp4,20220318_174351.mp4,2022-03-18 17:22:25,2022-03-18 12:43:57,2022-05-28 09:53:22,48.943176,mp4,clip,+47.2277-062.7736/,47.2277,-62.7736,x
D:\Temp storage\Temp videos for projects\2022-03-18 FRA JFK 747-400\time_zone_1\20220318_174445.mp4,20220318_174445.mp4,2022-03-18 17:22:25,2022-03-18 12:44:51,2022-05-28 09:53:22,43.75842,mp4,clip,+47.1580-062.8866/,47.158,-62.8866,x
D:\Temp storage\Temp videos for projects\2022-03-18 FRA JFK 747-400\time_zone_1\20220318_174521.mp4,20220318_174521.mp4,2022-03-18 17:22:26,2022-03-18 12:45:26,2022-05-28 09:53:22,41.285344,mp4,clip,+47.1136-062.9585/,47.1136,-62.9585,x
D:\Temp storage\Temp videos for projects\2022-03-18 FRA JFK 747-400\time_zone_1\20220318_174949.mp4,20220318_174949.mp4,2022-03-18 17:22:26,2022-03-18 12:49:54,2022-05-28 09:53:22,44.581734,mp4,clip,+46.7688-063.5103/,46.7688,-63.5103,x
D:\Temp storage\Temp videos for projects\2022-03-18 FRA JFK 747-400\time_zone_1\20220318_175152.mp4,20220318_175152.mp4,2022-03-18 17:22:27,2022-03-18 12:51:58,2022-05-28 09:53:22,43.570702,mp4,clip,+46.6083-063.7634/,46.6083,-63.7634,x
D:\Temp storage\Temp videos for projects\2022-03-18 FRA JFK 747-400\time_zone_1\20220318_175258.mp4,20220318_175258.mp4,2022-03-18 17:22:27,2022-03-18 12:53:03,2022-05-28 09:53:22,40.817883,mp4,clip,+46.5239-063.8955/,46.5239,-63.8955,x
D:\Temp storage\Temp videos for projects\2022-03-18 FRA JFK 747-400\time_zone_1\20220318_175419.mp4,20220318_175419.mp4,2022-03-18 17:22:28,2022-03-18 12:54:24,2022-05-28 09:53:22,41.64743,mp4,clip,+46.4178-064.0607/,46.4178,-64.0607,x
D:\Temp storage\Temp videos for projects\2022-03-18 FRA JFK 747-400\time_zone_1\20220318_175443.mp4,20220318_175443.mp4,2022-03-18 17:22:28,2022-03-18 12:54:47,2022-05-28 09:53:22,29.171254,mp4,clip,+46.3880-064.1069/,46.388,-64.1069,x
D:\Temp storage\Temp videos for projects\2022-03-18 FRA JFK 747-400\time_zone_1\20220318_175452.mp4,20220318_175452.mp4,2022-03-18 17:22:29,2022-03-18 12:54:57,2022-05-28 09:53:22,39.835092,mp4,clip,+46.3763-064.1250/,46.3763,-64.125,x
D:\Temp storage\Temp videos for projects\2022-03-18 FRA JFK 747-400\time_zone_1\20220318_175728.mp4,20220318_175728.mp4,2022-03-18 17:22:29,2022-03-18 12:57:34,2022-05-28 09:53:22,52.563419,mp4,clip,+46.1735-064.4370/,46.1735,-64.437,x
D:\Temp storage\Temp videos for projects\2022-03-18 FRA JFK 747-400\time_zone_1\20220318_175912.mp4,20220318_175912.mp4,2022-03-18 17:22:30,2022-03-18 12:59:17,2022-05-28 09:53:22,41.717054,mp4,clip,+46.0379-064.6437/,46.0379,-64.6437,x
D:\Temp storage\Temp videos for projects\2022-03-18 FRA JFK 747-400\time_zone_1\20220318_175933.mp4,20220318_175933.mp4,2022-03-18 17:22:30,2022-03-18 12:59:39,2022-05-28 09:53:22,45.826799,mp4,clip,+46.0089-064.6877/,46.0089,-64.6877,x
D:\Temp storage\Temp videos for projects\2022-03-18 FRA JFK 747-400\time_zone_1\20220318_180031.mp4,20220318_180031.mp4,2022-03-18 17:22:31,2022-03-18 13:00:34,2022-05-28 09:53:22,21.45243,mp4,clip,+45.9338-064.8012/,45.9338,-64.8012,x
D:\Temp storage\Temp videos for projects\2022-03-18 FRA JFK 747-400\time_zone_1\20220318_180222.mp4,20220318_180222.mp4,2022-03-18 17:22:31,2022-03-18 13:02:27,2022-05-28 09:53:22,37.517863,mp4,clip,+45.7876-065.0212/,45.7876,-65.0212,x
D:\Temp storage\Temp videos for projects\2022-03-18 FRA JFK 747-400\time_zone_1\20220318_180501.mp4,20220318_180501.mp4,2022-03-18 17:22:32,2022-03-18 13:05:06,2022-05-28 09:53:22,43.440422,mp4,clip,+45.5772-065.3346/,45.5772,-65.3346,x
D:\Temp storage\Temp videos for projects\2022-03-18 FRA JFK 747-400\time_zone_1\20220318_180725.mp4,20220318_180725.mp4,2022-03-18 17:22:32,2022-03-18 13:07:30,2022-05-28 09:53:22,35.319542,mp4,clip,+45.3836-065.6197/,45.3836,-65.6197,x
D:\Temp storage\Temp videos for projects\2022-03-18 FRA JFK 747-400\time_zone_1\20220318_180732.mp4,20220318_180732.mp4,2022-03-18 17:22:33,2022-03-18 13:07:37,2022-05-28 09:53:22,36.49466,mp4,clip,+45.3742-065.6335/,45.3742,-65.6335,x
D:\Temp storage\Temp videos for projects\2022-03-18 FRA JFK 747-400\time_zone_1\20220318_180942.mp4,20220318_180942.mp4,2022-03-18 17:22:33,2022-03-18 13:09:49,2022-05-28 09:53:22,61.48673,mp4,clip,+45.2006-065.8863/,45.2006,-65.8863,x
D:\Temp storage\Temp videos for projects\2022-03-18 FRA JFK 747-400\time_zone_1\20220318_180951.mp4,20220318_180951.mp4,2022-03-18 17:22:34,2022-03-18 13:09:54,2022-05-28 09:53:22,16.436998,mp4,clip,+45.1884-065.9039/,45.1884,-65.9039,x
D:\Temp storage\Temp videos for projects\2022-03-18 FRA JFK 747-400\time_zone_1\20220318_181438.mp4,20220318_181438.mp4,2022-03-18 17:22:34,2022-03-18 13:14:43,2022-05-28 09:53:22,38.605994,mp4,clip,+44.7962-066.4666/,44.7962,-66.4666,x
D:\Temp storage\Temp videos for projects\2022-03-18 FRA JFK 747-400\time_zone_1\20220318_182015.mp4,20220318_182015.mp4,2022-03-18 17:22:34,2022-03-18 13:20:19,2022-05-28 09:53:22,32.858604,mp4,clip,+44.3302-067.1334/,44.3302,-67.1334,x
D:\Temp storage\Temp videos for projects\2022-03-18 FRA JFK 747-400\time_zone_1\20220318_183053.mp4,20220318_183053.mp4,2022-03-18 17:22:35,2022-03-18 13:30:59,2022-05-28 09:53:23,55.202188,mp4,clip,+43.4570-068.4267/,43.457,-68.4267,x
D:\Temp storage\Temp videos for projects\2022-03-18 FRA JFK 747-400\time_zone_1\20220318_184953.mp4,20220318_184953.mp4,2022-03-18 17:22:35,2022-03-18 13:49:58,2022-05-28 09:53:23,47.467747,mp4,clip,+41.9923-070.5322/,41.9923,-70.5322,x
D:\Temp storage\Temp videos for projects\2022-03-18 FRA JFK 747-400\time_zone_1\20220318_185042.mp4,20220318_185042.mp4,2022-03-18 17:22:36,2022-03-18 13:50:47,2022-05-28 09:53:23,36.866927,mp4,clip,+41.9361-070.6450/,41.9361,-70.645,x
D:\Temp storage\Temp videos for projects\2022-03-18 FRA JFK 747-400\time_zone_1\20220318_185159.mp4,20220318_185159.mp4,2022-03-18 17:22:36,2022-03-18 13:52:04,2022-05-28 09:53:23,36.313962,mp4,clip,+41.8525-070.8125/,41.8525,-70.8125,x
D:\Temp storage\Temp videos for projects\2022-03-18 FRA JFK 747-400\time_zone_1\20220318_185237.mp4,20220318_185237.mp4,2022-03-18 17:22:37,2022-03-18 13:52:44,2022-05-28 09:53:23,58.558461,mp4,clip,+41.8100-070.8972/,41.81,-70.8972,x
D:\Temp storage\Temp videos for projects\2022-03-18 FRA JFK 747-400\time_zone_1\20220318_185453.mp4,20220318_185453.mp4,2022-03-18 17:22:37,2022-03-18 13:54:57,2022-05-28 09:53:23,39.391262,mp4,clip,+41.6624-071.1953/,41.6624,-71.1953,x
D:\Temp storage\Temp videos for projects\2022-03-18 FRA JFK 747-400\time_zone_1\20220318_185603.mp4,20220318_185603.mp4,2022-03-18 17:22:38,2022-03-18 13:56:08,2022-05-28 09:53:23,42.8751,mp4,clip,+41.6386-071.2431/,41.6386,-71.2431,x
D:\Temp storage\Temp videos for projects\2022-03-18 FRA JFK 747-400\time_zone_1\20220318_185807.mp4,20220318_185807.mp4,2022-03-18 17:22:38,2022-03-18 13:58:13,2022-05-28 09:53:23,44.310674,mp4,clip,+41.4720-071.5799/,41.472,-71.5799,x
D:\Temp storage\Temp videos for projects\2022-03-18 FRA JFK 747-400\time_zone_1\20220318_190001.mp4,20220318_190001.mp4,2022-03-18 17:22:39,2022-03-18 14:00:08,2022-05-28 09:53:23,57.325967,mp4,clip,+00.0000+000.0000/,0.0,0.0,x
D:\Temp storage\Temp videos for projects\2022-03-18 FRA JFK 747-400\time_zone_1\20220318_190102.mp4,20220318_190102.mp4,2022-03-18 17:22:40,2022-03-18 14:01:07,2022-05-28 09:53:23,46.361556,mp4,clip,+41.3084-071.8724/,41.3084,-71.8724,x
D:\Temp storage\Temp videos for projects\2022-03-18 FRA JFK 747-400\time_zone_1\20220318_190236.mp4,20220318_190236.mp4,2022-03-18 17:22:40,2022-03-18 14:02:44,2022-05-28 09:53:23,69.566347,mp4,clip,+00.0000+000.0000/,0.0,0.0,x
D:\Temp storage\Temp videos for projects\2022-03-18 FRA JFK 747-400\time_zone_1\20220318_190349.mp4,20220318_190349.mp4,2022-03-18 17:22:41,2022-03-18 14:04:00,2022-05-28 09:53:23,101.151286,mp4,clip,+41.0816-072.2504/,41.0816,-72.2504,x
D:\Temp storage\Temp videos for projects\2022-03-18 FRA JFK 747-400\time_zone_1\20220318_190404.mp4,20220318_190404.mp4,2022-03-18 17:22:42,2022-03-18 14:04:16,2022-05-28 09:53:23,114.985144,mp4,clip,+41.0756-072.2806/,41.0756,-72.2806,x
D:\Temp storage\Temp videos for projects\2022-03-18 FRA JFK 747-400\time_zone_1\20220318_190501.mp4,20220318_190501.mp4,2022-03-18 17:22:43,2022-03-18 14:05:05,2022-05-28 09:53:23,27.468918,mp4,clip,+41.0756-072.2806/,41.0756,-72.2806,x
D:\Temp storage\Temp videos for projects\2022-03-18 FRA JFK 747-400\time_zone_1\20220318_190515.mp4,20220318_190515.mp4,2022-03-18 17:22:43,2022-03-18 14:05:21,2022-05-28 09:53:23,52.689746,mp4,clip,+41.0436-072.4206/,41.0436,-72.4206,x
D:\Temp storage\Temp videos for projects\2022-03-18 FRA JFK 747-400\time_zone_1\20220318_190746.mp4,20220318_190746.mp4,2022-03-18 17:22:44,2022-03-18 14:07:54,2022-05-28 09:53:23,64.188293,mp4,clip,+40.9618-072.6722/,40.9618,-72.6722,x
D:\Temp storage\Temp videos for projects\2022-03-18 FRA JFK 747-400\time_zone_1\20220318_190813.mp4,20220318_190813.mp4,2022-03-18 17:22:44,2022-03-18 14:08:18,2022-05-28 09:53:23,38.01588,mp4,clip,+40.9618-072.6722/,40.9618,-72.6722,x
D:\Temp storage\Temp videos for projects\2022-03-18 FRA JFK 747-400\time_zone_1\20220318_190845.mp4,20220318_190845.mp4,2022-03-18 17:22:45,2022-03-18 14:08:52,2022-05-28 09:53:23,64.717666,mp4,clip,+40.9618-072.6722/,40.9618,-72.6722,x
D:\Temp storage\Temp videos for projects\2022-03-18 FRA JFK 747-400\time_zone_1\20220318_190856.mp4,20220318_190856.mp4,2022-03-18 17:22:45,2022-03-18 14:09:01,2022-05-28 09:53:23,50.67369,mp4,clip,+40.9618-072.6722/,40.9618,-72.6722,x
D:\Temp storage\Temp videos for projects\2022-03-18 FRA JFK 747-400\time_zone_1\20220318_191012.mp4,20220318_191012.mp4,2022-03-18 17:22:46,2022-03-18 14:10:21,2022-05-28 09:53:23,80.392503,mp4,clip,+00.0000+000.0000/,0.0,0.0,x
D:\Temp storage\Temp videos for projects\2022-03-18 FRA JFK 747-400\time_zone_1\20220318_191122.mp4,20220318_191122.mp4,2022-03-18 17:22:47,2022-03-18 14:11:28,2022-05-28 09:53:23,51.670804,mp4,clip,+40.7862-072.9379/,40.7862,-72.9379,x
D:\Temp storage\Temp videos for projects\2022-03-18 FRA JFK 747-400\time_zone_1\20220318_191238.mp4,20220318_191238.mp4,2022-03-18 17:22:48,2022-03-18 14:12:44,2022-05-28 09:53:23,58.018432,mp4,clip,+00.0000+000.0000/,0.0,0.0,x
D:\Temp storage\Temp videos for projects\2022-03-18 FRA JFK 747-400\time_zone_1\20220318_191333.mp4,20220318_191333.mp4,2022-03-18 17:22:48,2022-03-18 14:13:41,2022-05-28 09:53:24,68.438896,mp4,clip,+40.6355-073.1534/,40.6355,-73.1534,x
D:\Temp storage\Temp videos for projects\2022-03-18 FRA JFK 747-400\time_zone_1\20220318_191457.mp4,20220318_191457.mp4,2022-03-18 17:22:49,2022-03-18 14:15:02,2022-05-28 09:53:24,44.811283,mp4,clip,+40.6236-073.2522/,40.6236,-73.2522,x
D:\Temp storage\Temp videos for projects\2022-03-18 FRA JFK 747-400\time_zone_1\20220318_191525.mp4,20220318_191525.mp4,2022-03-18 17:22:50,2022-03-18 14:15:34,2022-05-28 09:53:24,84.080401,mp4,clip,+40.6236-073.2522/,40.6236,-73.2522,x
D:\Temp storage\Temp videos for projects\2022-03-18 FRA JFK 747-400\time_zone_1\20220318_191614.mp4,20220318_191614.mp4,2022-03-18 17:22:50,2022-03-18 14:16:22,2022-05-28 09:53:24,67.879704,mp4,clip,+40.6505-073.3221/,40.6505,-73.3221,x
D:\Temp storage\Temp videos for projects\2022-03-18 FRA JFK 747-400\time_zone_1\20220318_191705.mp4,20220318_191705.mp4,2022-03-18 17:22:51,2022-03-18 14:17:11,2022-05-28 09:53:24,43.413888,mp4,clip,+40.6698-073.3440/,40.6698,-73.344,x
D:\Temp storage\Temp videos for projects\2022-03-18 FRA JFK 747-400\time_zone_1\20220318_191742.mp4,20220318_191742.mp4,2022-03-18 17:22:52,2022-03-18 14:18:01,2022-05-28 09:53:24,173.381859,mp4,clip,+40.6959-073.3736/,40.6959,-73.3736,x
D:\Temp storage\Temp videos for projects\2022-03-18 FRA JFK 747-400\time_zone_1\20220318_191825.mp4,20220318_191825.mp4,2022-03-18 17:22:54,2022-03-18 14:18:35,2022-05-28 09:53:24,88.070667,mp4,clip,+40.7244-073.4055/,40.7244,-73.4055,x
D:\Temp storage\Temp videos for projects\2022-03-18 FRA JFK 747-400\time_zone_1\20220318_191859.mp4,20220318_191859.mp4,2022-03-18 17:22:55,2022-03-18 14:19:29,2022-05-28 09:53:24,285.99791,mp4,clip,+40.7505-073.4426/,40.7505,-73.4426,x
D:\Temp storage\Temp videos for projects\2022-03-18 FRA JFK 747-400\time_zone_1\20220318_191935.mp4,20220318_191935.mp4,2022-03-18 17:22:58,2022-03-18 14:19:51,2022-05-28 09:53:24,154.625319,mp4,clip,+40.7505-073.4426/,40.7505,-73.4426,x
D:\Temp storage\Temp videos for projects\2022-03-18 FRA JFK 747-400\time_zone_1\20220318_191957.mp4,20220318_191957.mp4,2022-03-18 17:22:59,2022-03-18 14:20:10,2022-05-28 09:53:24,120.933617,mp4,clip,+40.7505-073.4426/,40.7505,-73.4426,x
D:\Temp storage\Temp videos for projects\2022-03-18 FRA JFK 747-400\time_zone_1\20220318_192018.mp4,20220318_192018.mp4,2022-03-18 17:23:01,2022-03-18 14:20:35,2022-05-28 09:53:24,166.387062,mp4,clip,+40.7505-073.4426/,40.7505,-73.4426,x
D:\Temp storage\Temp videos for projects\2022-03-18 FRA JFK 747-400\time_zone_1\20220318_192042.mp4,20220318_192042.mp4,2022-03-18 17:23:02,2022-03-18 14:20:58,2022-05-28 09:53:24,152.046342,mp4,clip,+40.7505-073.4426/,40.7505,-73.4426,x
D:\Temp storage\Temp videos for projects\2022-03-18 FRA JFK 747-400\time_zone_1\20220318_192101.mp4,20220318_192101.mp4,2022-03-18 17:23:04,2022-03-18 14:21:09,2022-05-28 09:53:24,70.141255,mp4,clip,+40.7505-073.4426/,40.7505,-73.4426,x
D:\Temp storage\Temp videos for projects\2022-03-18 FRA JFK 747-400\time_zone_1\20220318_192127.mp4,20220318_192127.mp4,2022-03-18 17:23:04,2022-03-18 14:21:38,2022-05-28 09:53:24,101.437096,mp4,clip,+40.7900-073.6291/,40.79,-73.6291,x
D:\Temp storage\Temp videos for projects\2022-03-18 FRA JFK 747-400\time_zone_1\20220318_192144.mp4,20220318_192144.mp4,2022-03-18 17:23:05,2022-03-18 14:22:12,2022-05-28 09:53:24,273.961044,mp4,clip,+40.7814-073.6457/,40.7814,-73.6457,x
D:\Temp storage\Temp videos for projects\2022-03-18 FRA JFK 747-400\time_zone_1\20220318_192227.mp4,20220318_192227.mp4,2022-03-18 17:23:08,2022-03-18 14:22:39,2022-05-28 09:53:24,112.23086,mp4,clip,+40.7528-073.6708/,40.7528,-73.6708,x
D:\Temp storage\Temp videos for projects\2022-03-18 FRA JFK 747-400\time_zone_1\20220318_192246.mp4,20220318_192246.mp4,2022-03-18 17:23:09,2022-03-18 14:22:50,2022-05-28 09:53:24,38.241544,mp4,clip,+40.7443-073.6768/,40.7443,-73.6768,x
D:\Temp storage\Temp videos for projects\2022-03-18 FRA JFK 747-400\time_zone_1\20220318_192253.mp4,20220318_192253.mp4,2022-03-18 17:23:10,2022-03-18 14:23:09,2022-05-28 09:53:24,154.48839,mp4,clip,+40.7443-073.6768/,40.7443,-73.6768,x
D:\Temp storage\Temp videos for projects\2022-03-18 FRA JFK 747-400\time_zone_1\20220318_192315.mp4,20220318_192315.mp4,2022-03-18 17:23:11,2022-03-18 14:23:34,2022-05-28 09:53:24,180.445703,mp4,clip,+40.7165-073.7001/,40.7165,-73.7001,x
D:\Temp storage\Temp videos for projects\2022-03-18 FRA JFK 747-400\time_zone_1\20220318_192342.mp4,20220318_192342.mp4,2022-03-18 17:23:13,2022-03-18 14:24:12,2022-05-28 09:53:24,288.915511,mp4,clip,+40.7165-073.7001/,40.7165,-73.7001,x
D:\Temp storage\Temp videos for projects\2022-03-18 FRA JFK 747-400\time_zone_1\20220318_192420.mp4,20220318_192420.mp4,2022-03-18 17:23:15,2022-03-18 14:25:56,2022-05-28 09:53:24,952.634335,mp4,clip,+40.6841-073.7253/,40.6841,-73.7253,x
D:\Temp storage\Temp videos for projects\2022-03-18 FRA JFK 747-400\time_zone_1\20220318_192608.mp4,20220318_192608.mp4,2022-03-18 17:19:09,2022-03-18 14:26:16,2022-05-28 09:53:25,68.040354,mp4,clip,+40.6841-073.7253/,40.6841,-73.7253,x
D:\Temp storage\Temp videos for projects\2022-03-18 FRA JFK 747-400\time_zone_2\20220318_143029.mp4,20220318_143029.mp4,2022-03-18 17:22:04,2022-03-18 14:30:33,2022-05-28 09:53:25,30.587149,mp4,clip,+40.6310-073.7732/,40.631,-73.7732,x
D:\Temp storage\Temp videos for projects\2022-03-18 FRA JFK 747-400\time_zone_2\20220318_143039.mp4,20220318_143039.mp4,2022-03-18 17:22:05,2022-03-18 14:30:48,2022-05-28 09:53:25,82.902819,mp4,clip,+40.6310-073.7732/,40.631,-73.7732,x
D:\Temp storage\Temp videos for projects\2022-03-18 FRA JFK 747-400\time_zone_2\20220318_143053.mp4,20220318_143053.mp4,2022-03-18 17:22:06,2022-03-18 14:31:17,2022-05-28 09:53:25,233.111723,mp4,clip,+40.6362-073.7812/,40.6362,-73.7812,x
D:\Temp storage\Temp videos for projects\2022-03-18 FRA JFK 747-400\time_zone_2\20220318_143123.mp4,20220318_143123.mp4,2022-03-18 17:22:08,2022-03-18 14:31:39,2022-05-28 09:53:25,149.451379,mp4,clip,+40.6368-073.7814/,40.6368,-73.7814,x
D:\Temp storage\Temp videos for projects\2022-03-18 FRA JFK 747-400\time_zone_2\20220318_143148.mp4,20220318_143148.mp4,2022-03-18 17:22:09,2022-03-18 14:32:02,2022-05-28 09:53:25,129.108634,mp4,clip,+40.6378-073.7820/,40.6378,-73.782,x
D:\Temp storage\Temp videos for projects\2022-03-18 FRA JFK 747-400\time_zone_2\20220318_143209.mp4,20220318_143209.mp4,2022-03-18 17:22:11,2022-03-18 14:32:20,2022-05-28 09:53:25,91.487935,mp4,clip,+40.6401-073.7902/,40.6401,-73.7902,x
D:\Temp storage\Temp videos for projects\2022-03-18 FRA JFK 747-400\time_zone_2\20220318_143235.mp4,20220318_143235.mp4,2022-03-18 17:22:12,2022-03-18 14:32:40,2022-05-28 09:53:25,33.038902,mp4,clip,+40.6310-073.7732/,40.631,-73.7732,x
D:\Temp storage\Temp videos for projects\2022-03-18 FRA JFK 747-400\time_zone_2\20220318_143246.mp4,20220318_143246.mp4,2022-03-18 17:22:13,2022-03-18 14:32:54,2022-05-28 09:53:25,66.076893,mp4,clip,+40.6407-073.7900/,40.6407,-73.79,x
D:\Temp storage\Temp videos for projects\2022-03-18 FRA JFK 747-400\time_zone_2\20220318_143314.mp4,20220318_143314.mp4,2022-03-18 17:22:13,2022-03-18 14:33:29,2022-05-28 09:53:25,143.856861,mp4,clip,+40.7390-073.7965/,40.739,-73.7965,x
D:\Temp storage\Temp videos for projects\2022-03-18 FRA JFK 747-400\time_zone_2\20220318_143411.mp4,20220318_143411.mp4,2022-03-18 17:22:15,2022-03-18 14:34:22,2022-05-28 09:53:25,107.128375,mp4,clip,+40.7390-073.7965/,40.739,-73.7965,x
D:\Temp storage\Temp videos for projects\2022-03-18 FRA JFK 747-400\time_zone_2\20220318_144748.mp4,20220318_144748.mp4,2022-03-18 17:22:16,2022-03-18 14:47:53,2022-05-28 09:53:25,34.771222,mp4,clip,+00.0000+000.0000/,0.0,0.0,x
D:\Temp storage\Temp videos for projects\2022-03-18 FRA JFK 747-400\time_zone_2\20220318_144758.mp4,20220318_144758.mp4,2022-03-18 17:22:16,2022-03-18 14:48:04,2022-05-28 09:53:25,48.411228,mp4,clip,+00.0000+000.0000/,0.0,0.0,x
D:\Temp storage\Temp videos for projects\2022-03-18 FRA JFK 747-400\time_zone_2\20220318_144812.mp4,20220318_144812.mp4,2022-03-18 17:22:17,2022-03-18 14:48:17,2022-05-28 09:53:25,44.978456,mp4,clip,+00.0000+000.0000/,0.0,0.0,x
